{"iterations_since_restore":11,"final_run_validation_dice":0.12571807205677032,"time_total_s":263.56820130348206,"_step":11,"timestamp":1757106238,"final_run_training_dice":0.1474587470293045,"_timestamp":1.7571062389370575e+09,"final_test_dice":0.1393577605485916,"final_run_validation_loss":0.863070011138916,"training_iteration":11,"_wandb":{"runtime":263},"_runtime":263.697440272,"epoch":9,"time_this_iter_s":4.261785507202148,"time_since_restore":263.56820130348206,"final_run_training_loss":0.92832350730896}